layer,cos_ASR_Mixed,relfrob_ASR_Mixed,meanangle_deg_ASR_Mixed,cos_ASR_QA,relfrob_ASR_QA,meanangle_deg_ASR_QA,cos_Mixed_QA,relfrob_Mixed_QA,meanangle_deg_Mixed_QA,cos_to_I_ASR,diag_energy_ratio_ASR,cos_to_I_Mixed,diag_energy_ratio_Mixed,cos_to_I_QA,diag_energy_ratio_QA
0,0.8097514134078713,0.6009694563995293,37.4366691857769,0.4379545901233375,1.1930516996821077,69.9821029142966,0.8792126279563264,0.6357573798240694,44.05446300976235,0.3591038411298319,0.13717541339470973,0.41407304274124684,0.1798499364497205,0.3426379135463546,0.12218514391851894
1,0.8590176426572477,0.5129467494861601,36.70398907025788,0.5091859939841072,1.0250293519395088,69.97162489103795,0.875046403463047,0.5807225626182315,43.92623571800495,0.36471126010232197,0.14165065106710462,0.4426551211065518,0.20567023942463628,0.3974347999340587,0.16445126841215624
2,0.8837371198219847,0.46802629400212586,36.60885433385365,0.5646933005093303,0.9349105936269806,70.3152725571614,0.8823346488313548,0.5379013284516962,44.29660010938992,0.3795841925876883,0.15351262814191413,0.4652867475649625,0.22713473701181439,0.43557503542189124,0.1971291702854466
3,0.8900435688828138,0.4561101787168775,36.77798155169548,0.5795904752001394,0.9118357225465513,69.97856560250634,0.8845253498021977,0.5266940292329194,43.878458872004764,0.38494567411847747,0.15798757382395195,0.4721020907507391,0.23397767061556016,0.4464122360273387,0.20711471976562895
4,0.8925122788975102,0.45105850537239667,36.75748104846639,0.5938534538498466,0.9022384676403563,69.69763210546562,0.8902749710547797,0.5154736463353843,43.45819305777412,0.39669521243416245,0.16786171186798096,0.48047950027776054,0.24248371727338847,0.45281062534423017,0.2131937322094995
5,0.8947323590375371,0.44660722157405836,37.586022921060895,0.6030616108008332,0.8942808545082979,69.57140233340063,0.8933689357497948,0.5083066051675597,42.915357794931516,0.4049895190150504,0.17488234117819737,0.48698252213034776,0.24907307874575557,0.45863025354379455,0.21872761236535668
6,0.8971673649206642,0.4416815659442802,37.971800238022155,0.6165503613435293,0.8844557278865876,69.23162636579664,0.8985214578143559,0.4974827564197548,42.86694527481092,0.41719108491867374,0.18515714133665756,0.49663648710533864,0.2586564796971148,0.4671347931429203,0.2266786606155595
7,0.9046714029221394,0.4261179615967068,37.942738362976364,0.6416656570310605,0.8540220764387589,69.33470439638091,0.9051774461501347,0.47700628859729344,42.59759455989022,0.43331970528027713,0.19915632109397632,0.5139166520593366,0.2763499391013786,0.4894254663077659,0.24838876232404775
8,0.9198102052479119,0.3925708888139325,37.017349785960945,0.6867735729716544,0.788694123340181,67.94458218360629,0.9153945696329078,0.4393669478361091,44.32376234073143,0.4535504524763228,0.21692303285827674,0.5375398097484837,0.3009815644362635,0.5270504529945446,0.287020658459307
9,0.9212540717540924,0.38903084022139345,37.85063527357415,0.6977731861091023,0.7815584766276862,67.43475421688511,0.9200120115076362,0.43031003460715017,43.481024505910746,0.46674038498228415,0.22820015624112788,0.5458311592788876,0.30891796747640365,0.5315951781417813,0.29107224357203626
10,0.9233340890739848,0.38406958772922584,38.55926988225762,0.7047017599933004,0.7716902329877869,67.54812967694288,0.9217238759689917,0.42456292332640533,42.52143447109757,0.47580286544774525,0.23537220304777237,0.5524615894495688,0.3147411764229729,0.5371048441535541,0.295933684623446
11,0.9253681505963179,0.37913371513341615,39.54758567631558,0.7143037582888598,0.7616655856819384,67.01798180212441,0.9249280932097155,0.416565239487338,41.787159392208444,0.48906522221603543,0.24722591703594463,0.5611012931661359,0.3232687853808429,0.5424846489297191,0.3009230342794391
12,0.9280274771215927,0.3726548703706449,40.90088601197777,0.7278883047175334,0.7482310612551883,66.39263324023229,0.9296340228508913,0.40505420678755655,40.2224503869723,0.5078959996488697,0.2651696279252758,0.5731770449899054,0.335948514815202,0.5499281498369403,0.3082673549731429
13,0.9302607011703992,0.36737144385006576,41.9610115481828,0.7412448883716326,0.7371254612832142,65.58586828918664,0.9345815849819784,0.3938770166367442,38.45466686814498,0.528691129734852,0.2856178154285586,0.5859652523666097,0.3495412526445939,0.5567140879526647,0.3148585665452981
14,0.9332466828784389,0.3597969708370909,43.275609105050876,0.7531468498979116,0.7215234577149914,65.1093657819518,0.9380003777032063,0.38350557404846686,37.59896313193938,0.5478232690973949,0.30535617154088274,0.5985890799888296,0.36353696475683883,0.5650257947166132,0.323451143335001
15,0.935946510680073,0.35335786934419083,44.760981146878116,0.7671562108578998,0.7084385999044782,64.24984914816504,0.9427713946439822,0.37172304333857487,35.89010033776935,0.5722453921076655,0.3317244567033137,0.6136845529741104,0.38080814642088023,0.5737117805131269,0.3325822830591228
16,0.9389240466760819,0.34615166912592443,45.550012386571225,0.7811905198079258,0.6938326906850182,63.69494043494131,0.9472575614976607,0.35975734248673463,35.63972546021085,0.5984606438724345,0.3615837390908355,0.6310032952876475,0.4015564439521176,0.5852090437460807,0.34532990049921286
17,0.9417651633168144,0.3391606991967245,46.258162173431785,0.7936683919494572,0.6799649423778841,62.3964763758711,0.9510373413801312,0.3491292420543881,34.14609946646731,0.622849423139026,0.3905324883641776,0.646650893096037,0.4207408427874615,0.5953544494089349,0.3567031457936307
18,0.9448939759050999,0.33095910398813283,47.24894730742171,0.805910977779755,0.6635383903911903,62.931698591591186,0.9544178108479185,0.33811356670404413,32.92314303485608,0.6520223189435318,0.4272124749347164,0.6676401276762648,0.4478133108989982,0.6113144814092669,0.3755551120235979
19,0.947165292046066,0.3254087178250792,47.54951868735524,0.8153917404782379,0.6531973425212759,62.39551726609848,0.9571724690778275,0.33029776073781064,32.69405299322365,0.6786794731723129,0.46238870491960404,0.6867456921402384,0.4734144867129419,0.6254656011362034,0.3928374527023054
20,0.9504021054136393,0.31610051398352906,47.09595639296329,0.8265187524427178,0.635137795469355,60.86743100210532,0.959865249118815,0.31986840852443,30.638192162621994,0.7061270893473942,0.5003559904204036,0.7074431831521348,0.50217544416345,0.642605852604085,0.4144596830883641
21,0.9531972670047685,0.3085189692467039,47.226833365550924,0.837224057516507,0.6205047408600304,62.4010134538945,0.9627293185585565,0.31021055520280666,32.34801117776333,0.7256116435957003,0.5281892016472752,0.7219520824955254,0.5228638738810426,0.6557489597139815,0.4314809283627159
22,0.9564062293308431,0.2988824376341079,50.05411744158535,0.8483558194550849,0.601887370493517,63.66544616603334,0.9654055076854187,0.29952938599024576,32.284708958438536,0.7533305484949647,0.5693035850654373,0.7444128038178808,0.5558998594611313,0.6763864149410478,0.4590687785967301
23,0.9589352322937001,0.2917318030957329,48.40493983067473,0.8576002235986833,0.5885949270624685,63.108776955785636,0.9677457889550872,0.29118451080670443,30.69914907399888,0.7762188470760493,0.604355451022892,0.7625267906045735,0.5832571908199558,0.6930305904855311,0.48191837262550763
24,0.9625374193189736,0.2790163611462003,49.19294374984702,0.8689451248543124,0.5636041634911398,63.52435394010281,0.970144260530238,0.27866935486233935,31.238507934587364,0.797222546006095,0.6374939803109863,0.7815425297247109,0.6127092651794045,0.713528797399593,0.5108434795121867
25,0.9652934721340978,0.2696565124744989,48.11641033952038,0.8780357474287167,0.5457807860462596,62.88508384052469,0.9721725812113258,0.2692340428751385,31.243565080426233,0.8191608612780564,0.6729723392888809,0.8006474653593977,0.6429553766411099,0.7328821857526474,0.5388535192270274
26,0.9680126232156614,0.2593059287486315,47.23426446482978,0.8866428983683313,0.5257870550668869,62.09413948483784,0.9739853042951135,0.2594332119896196,28.41872514784063,0.8376881453992151,0.703673968850334,0.8173528699511211,0.6699790148395223,0.7505889839618161,0.565126040039026
27,0.9716692130793677,0.2442069538901936,48.59320236817231,0.8983098279251359,0.49590750730275407,63.02404968154328,0.9764304108348891,0.24501972459611,31.034964267317346,0.8581666365807211,0.7384589454340774,0.836911165161471,0.7023931353626082,0.7731363930489955,0.5995685702540527
28,0.9774233862310919,0.2177750821840469,52.197031966606836,0.9176148664954663,0.4411239772646161,63.96399765057884,0.9806781879846667,0.2180051029412924,30.28434913268987,0.8843642496282949,0.7840884801799267,0.8637154333271392,0.747972594700344,0.8076145197943729,0.6541189691295275
29,0.9811107843408466,0.1992269144067647,47.70614909292941,0.9297853940633144,0.40458688731589904,58.6378111558778,0.9832819637171103,0.200581724616306,25.864734087908893,0.9098948687117676,0.8297479788947781,0.8881805035095154,0.790726901409333,0.8355891788444102,0.7000486275414464
30,0.9930575911799389,0.11889941491015907,40.027362900661174,0.9736543487067315,0.23562419475653643,46.55953942023291,0.9936609059655751,0.1161579305871212,32.60870592251659,0.9448035746530579,0.8943939540404477,0.9347504301575185,0.8756291902929996,0.9124220534332911,0.8345135287971722
